batch_size,cpu_time,gpu_time,speedup,method
1,0.003017200001825889,,,Euler
10,0.0030261333061692617,,,Euler
100,0.0037276666650238135,,,Euler
1000,0.006885366669545571,,,Euler
10000,0.045271466680181525,,,Euler
100000,0.9016307666509723,,,Euler
1,0.014367700011158982,,,RK4
10,0.01458870000593985,,,RK4
100,0.016257700025259208,,,RK4
1000,0.024091499993422378,,,RK4
10000,0.10156396665843204,,,RK4
100000,4.121437166681669,,,RK4
